INFOS GENERALES;;;;;;;;;;;;;;LOCALISATION;;;;;BIBLIOGRAPHIE;;;;METHODOLOGIE;;;;;TOPOGRAPHIE;;;;;PARAMETRES ABIOTIQUES;;;;;;;;;DESCRIPTION DE LA VEGETATION;;;;;;;;;;;;;;;;;;;DESCRIPTION DE LA HAUTEUR;;;;;;;;;TYPOLOGIE;;;;;;;;;;;;;;;;;;COMMENTAIRES;;
PROJECT;NAME_RELEVE;REPETITION;COMPLETE;DATE_S;AUTHOR;PROTOCOL;COVERSCALE;LOCA_METHOD;PRECISION;DEG_LONG;DEG_LAT;ALTITUDE;REF_GEO;DEPARTMENT;COUNTY;LOCALITY;NAT_REGION;;REFERENCE;TABLE_NR;NR_IN_TAB;;SURF_AREA;SAMPLING;MOSS_IDENT;LICH_IDENT;;EXPOSURE;SLOPE;GEOL_SUBST;PEDOLOGY;;MANAGEMENT;LIGHTING;SOIL_PH;HYDRO;NUTRIENT;TEMPERATUR;CLIMATE;SALINITY;;COV_TOTAL;COV_TREES;COV_TREE40;COV_TREE20;COV_TREE10;COV_TREE6;COV_SHRUBS;COV_HERBS;COV_EMERGE;COV_FLOATG;COV_FLOOD;COV_MOSSES;COV_LICHEN;COV_ALGAE;COV_LITTER;COV_WATER;COV_ROCK;BRYO_LICH;;TREE_HIGH;TREE_LOW;SHRUB_HIGH;SHRUB_LOW;HERB_HIGH;HERB_LOW;HERB_MAX;CRYPT_HEIG;;ORIGIN_ALLI;ORIGIN_ASS;ORIGIN_SUB;REL_TYPE;PVF1;PVF2_ASS;PVF2_SUB;REVIEW_ASS;REVIEW_SUB;REV_SOURCE;REV_NAME;CLC;CATMINAT;N_2000;CAH_HAB;EUNIS;CORINE;;COMMENTS;OTHERINFO;
BD Orsay;T0001_1;;Oui;19720101;PUTOT P.;Indice macrophytique;_2_Braun_Blanquet;Point_approximatif;Google earth;5.97288513183594;46.3741836547852;;WGS84;;;Haut Jura;;;Contribution à l'étude de la végétation des prairies du Haut-Jura.- D.E.S., Univ. Besançon.;II;1;;;;;;;;;;;;;;;;;;;;;;;;;;;;;;;;;;;;;;;;;;;;;;;;;Cynosurion cristati Tx.1947;Festuco-Cynosuretum;;;;;;;;;;;;;;;;;;;
BD Orsay;T0001_2;;Oui;19720101;PUTOT P.;Indice macrophytique;_2_Braun_Blanquet;Point_approximatif;Google earth;5.97288513183594;46.3741836547852;;WGS84;;;Haut Jura;;;Contribution à l'étude de la végétation des prairies du Haut-Jura.- D.E.S., Univ. Besançon.;II;2;;;;;;;;;;;;;;;;;;;;;;;;;;;;;;;;;;;;;;;;;;;;;;;;;Cynosurion cristati Tx.1947;Festuco-Cynosuretum;;;;;;;;;;;;;;;;;;;
BD Orsay;T0001_3;;Oui;19720101;PUTOT P.;Indice macrophytique;_2_Braun_Blanquet;Point_approximatif;Google earth;5.97288513183594;46.3741836547852;;WGS84;;;Haut Jura;;;Contribution à l'étude de la végétation des prairies du Haut-Jura.- D.E.S., Univ. Besançon.;II;3;;;;;;;;;;;;;;;;;;;;;;;;;;;;;;;;;;;;;;;;;;;;;;;;;Cynosurion cristati Tx.1947;Festuco-Cynosuretum;;;;;;;;;;;;;;;;;;;
BD Orsay;T0001_4;;Oui;19720101;PUTOT P.;Indice macrophytique;_2_Braun_Blanquet;Point_approximatif;Google earth;5.97288513183594;46.3741836547852;;WGS84;;;Haut Jura;;;Contribution à l'étude de la végétation des prairies du Haut-Jura.- D.E.S., Univ. Besançon.;II;4;;;;;;;;;;;;;;;;;;;;;;;;;;;;;;;;;;;;;;;;;;;;;;;;;Cynosurion cristati Tx.1947;Festuco-Cynosuretum;;;;;;;;;;;;;;;;;;;
BD Orsay;T0001_5;;Oui;19720101;PUTOT P.;Indice macrophytique;_2_Braun_Blanquet;Point_approximatif;Google earth;5.97288513183594;46.3741836547852;;WGS84;;;Haut Jura;;;Contribution à l'étude de la végétation des prairies du Haut-Jura.- D.E.S., Univ. Besançon.;II;5;;;;;;;;;;;;;;;;;;;;;;;;;;;;;;;;;;;;;;;;;;;;;;;;;Cynosurion cristati Tx.1947;Festuco-Cynosuretum;;;;;;;;;;;;;;;;;;;
BD Orsay;T0001_6;;Oui;19720101;PUTOT P.;Indice macrophytique;_2_Braun_Blanquet;Point_approximatif;Google earth;5.97288513183594;46.3741836547852;;WGS84;;;Haut Jura;;;Contribution à l'étude de la végétation des prairies du Haut-Jura.- D.E.S., Univ. Besançon.;II;6;;;;;;;;;;;;;;;;;;;;;;;;;;;;;;;;;;;;;;;;;;;;;;;;;Cynosurion cristati Tx.1947;Festuco-Cynosuretum;;;;;;;;;;;;;;;;;;;
BD Orsay;T0001_7;;Oui;19720101;PUTOT P.;Indice macrophytique;_2_Braun_Blanquet;Point_approximatif;Google earth;5.97288513183594;46.3741836547852;;WGS84;;;Haut Jura;;;Contribution à l'étude de la végétation des prairies du Haut-Jura.- D.E.S., Univ. Besançon.;II;7;;;;;;;;;;;;;;;;;;;;;;;;;;;;;;;;;;;;;;;;;;;;;;;;;Cynosurion cristati Tx.1947;Festuco-Cynosuretum;;;;;;;;;;;;;;;;;;;
BD Orsay;T0001_8;;Oui;19720101;PUTOT P.;Indice macrophytique;_2_Braun_Blanquet;Point_approximatif;Google earth;5.97288513183594;46.3741836547852;;WGS84;;;Haut Jura;;;Contribution à l'étude de la végétation des prairies du Haut-Jura.- D.E.S., Univ. Besançon.;II;8;;;;;;;;;;;;;;;;;;;;;;;;;;;;;;;;;;;;;;;;;;;;;;;;;Cynosurion cristati Tx.1947;Festuco-Cynosuretum;;;;;;;;;;;;;;;;;;;
BD Orsay;T0001_9;;Oui;19720101;PUTOT P.;Indice macrophytique;_2_Braun_Blanquet;Point_approximatif;Google earth;5.97288513183594;46.3741836547852;;WGS84;;;Haut Jura;;;Contribution à l'étude de la végétation des prairies du Haut-Jura.- D.E.S., Univ. Besançon.;II;9;;;;;;;;;;;;;;;;;;;;;;;;;;;;;;;;;;;;;;;;;;;;;;;;;Cynosurion cristati Tx.1947;Festuco-Cynosuretum;;;;;;;;;;;;;;;;;;;
BD Orsay;T0001_10;;Oui;19720101;PUTOT P.;Indice macrophytique;_2_Braun_Blanquet;Point_approximatif;Google earth;5.97288513183594;46.3741836547852;;WGS84;;;Haut Jura;;;Contribution à l'étude de la végétation des prairies du Haut-Jura.- D.E.S., Univ. Besançon.;II;10;;;;;;;;;;;;;;;;;;;;;;;;;;;;;;;;;;;;;;;;;;;;;;;;;Cynosurion cristati Tx.1947;Festuco-Cynosuretum;;;;;;;;;;;;;;;;;;;
BD Orsay;T0001_11;;Oui;19720101;PUTOT P.;Indice macrophytique;_2_Braun_Blanquet;Point_approximatif;Google earth;5.97288513183594;46.3741836547852;;WGS84;;;Haut Jura;;;Contribution à l'étude de la végétation des prairies du Haut-Jura.- D.E.S., Univ. Besançon.;II;11;;;;;;;;;;;;;;;;;;;;;;;;;;;;;;;;;;;;;;;;;;;;;;;;;Cynosurion cristati Tx.1947;Festuco-Cynosuretum;;;;;;;;;;;;;;;;;;;
BD Orsay;T0001_12;;Oui;19720101;PUTOT P.;Indice macrophytique;_2_Braun_Blanquet;Point_approximatif;Google earth;5.97288513183594;46.3741836547852;;WGS84;;;Haut Jura;;;Contribution à l'étude de la végétation des prairies du Haut-Jura.- D.E.S., Univ. Besançon.;II;12;;;;;;;;;;;;;;;;;;;;;;;;;;;;;;;;;;;;;;;;;;;;;;;;;Cynosurion cristati Tx.1947;Festuco-Cynosuretum;;;;;;;;;;;;;;;;;;;
BD Orsay;T0001_13;;Oui;19720101;PUTOT P.;Indice macrophytique;_2_Braun_Blanquet;Point_approximatif;Google earth;5.97288513183594;46.3741836547852;;WGS84;;;Haut Jura;;;Contribution à l'étude de la végétation des prairies du Haut-Jura.- D.E.S., Univ. Besançon.;II;13;;;;;;;;;;;;;;;;;;;;;;;;;;;;;;;;;;;;;;;;;;;;;;;;;Cynosurion cristati Tx.1947;Festuco-Cynosuretum;;;;;;;;;;;;;;;;;;;
BD Orsay;T0001_14;;Oui;19720101;PUTOT P.;Indice macrophytique;_2_Braun_Blanquet;Point_approximatif;Google earth;5.97288513183594;46.3741836547852;;WGS84;;;Haut Jura;;;Contribution à l'étude de la végétation des prairies du Haut-Jura.- D.E.S., Univ. Besançon.;II;14;;;;;;;;;;;;;;;;;;;;;;;;;;;;;;;;;;;;;;;;;;;;;;;;;Cynosurion cristati Tx.1947;Festuco-Cynosuretum;;;;;;;;;;;;;;;;;;;
BD Orsay;T0002_1;;Oui;19720101;PUTOT P.;Indice macrophytique;_2_Braun_Blanquet;Point_approximatif;Google earth;5.97288513183594;46.3741798400879;;WGS84;;;Haut Jura;;;Contribution à l'étude de la végétation des prairies du Haut-Jura.- D.E.S., Univ. Besançon.;I;1;;;;;;;;;;;;;;;;;;;;;;;;;;;;;;;;;;;;;;;;;;;;;;;;;Arrhenatherion elatioris Br.-Bl. 1925;Arrhenatheretum elatioris;;;;;;;;;;;;;;;;;;;
BD Orsay;T0002_2;;Oui;19720101;PUTOT P.;Indice macrophytique;_2_Braun_Blanquet;Point_approximatif;Google earth;5.97288513183594;46.3741798400879;;WGS84;;;Haut Jura;;;Contribution à l'étude de la végétation des prairies du Haut-Jura.- D.E.S., Univ. Besançon.;I;2;;;;;;;;;;;;;;;;;;;;;;;;;;;;;;;;;;;;;;;;;;;;;;;;;Arrhenatherion elatioris Br.-Bl. 1925;Arrhenatheretum elatioris;;;;;;;;;;;;;;;;;;;
BD Orsay;T0002_3;;Oui;19720101;PUTOT P.;Indice macrophytique;_2_Braun_Blanquet;Point_approximatif;Google earth;5.97288513183594;46.3741798400879;;WGS84;;;Haut Jura;;;Contribution à l'étude de la végétation des prairies du Haut-Jura.- D.E.S., Univ. Besançon.;I;3;;;;;;;;;;;;;;;;;;;;;;;;;;;;;;;;;;;;;;;;;;;;;;;;;Arrhenatherion elatioris Br.-Bl. 1925;Arrhenatheretum elatioris;;;;;;;;;;;;;;;;;;;
BD Orsay;T0002_4;;Oui;19720101;PUTOT P.;Indice macrophytique;_2_Braun_Blanquet;Point_approximatif;Google earth;5.97288513183594;46.3741798400879;;WGS84;;;Haut Jura;;;Contribution à l'étude de la végétation des prairies du Haut-Jura.- D.E.S., Univ. Besançon.;I;4;;;;;;;;;;;;;;;;;;;;;;;;;;;;;;;;;;;;;;;;;;;;;;;;;Arrhenatherion elatioris Br.-Bl. 1925;Arrhenatheretum elatioris;;;;;;;;;;;;;;;;;;;
BD Orsay;T0002_5;;Oui;19720101;PUTOT P.;Indice macrophytique;_2_Braun_Blanquet;Point_approximatif;Google earth;5.97288513183594;46.3741798400879;;WGS84;;;Haut Jura;;;Contribution à l'étude de la végétation des prairies du Haut-Jura.- D.E.S., Univ. Besançon.;I;5;;;;;;;;;;;;;;;;;;;;;;;;;;;;;;;;;;;;;;;;;;;;;;;;;Arrhenatherion elatioris Br.-Bl. 1925;Arrhenatheretum elatioris;;;;;;;;;;;;;;;;;;;
BD Orsay;T0002_6;;Oui;19720101;PUTOT P.;Indice macrophytique;_2_Braun_Blanquet;Point_approximatif;Google earth;5.97288513183594;46.3741798400879;;WGS84;;;Haut Jura;;;Contribution à l'étude de la végétation des prairies du Haut-Jura.- D.E.S., Univ. Besançon.;I;6;;;;;;;;;;;;;;;;;;;;;;;;;;;;;;;;;;;;;;;;;;;;;;;;;Arrhenatherion elatioris Br.-Bl. 1925;Arrhenatheretum elatioris;;;;;;;;;;;;;;;;;;;
BD Orsay;T0002_7;;Oui;19720101;PUTOT P.;Indice macrophytique;_2_Braun_Blanquet;Point_approximatif;Google earth;5.97288513183594;46.3741798400879;;WGS84;;;Haut Jura;;;Contribution à l'étude de la végétation des prairies du Haut-Jura.- D.E.S., Univ. Besançon.;I;7;;;;;;;;;;;;;;;;;;;;;;;;;;;;;;;;;;;;;;;;;;;;;;;;;Arrhenatherion elatioris Br.-Bl. 1925;Arrhenatheretum elatioris;;;;;;;;;;;;;;;;;;;
BD Orsay;T0002_8;;Oui;19720101;PUTOT P.;Indice macrophytique;_2_Braun_Blanquet;Point_approximatif;Google earth;5.97288513183594;46.3741798400879;;WGS84;;;Haut Jura;;;Contribution à l'étude de la végétation des prairies du Haut-Jura.- D.E.S., Univ. Besançon.;I;8;;;;;;;;;;;;;;;;;;;;;;;;;;;;;;;;;;;;;;;;;;;;;;;;;Arrhenatherion elatioris Br.-Bl. 1925;Arrhenatheretum elatioris;;;;;;;;;;;;;;;;;;;
BD Orsay;T0002_9;;Oui;19720101;PUTOT P.;Indice macrophytique;_2_Braun_Blanquet;Point_approximatif;Google earth;5.97288513183594;46.3741798400879;;WGS84;;;Haut Jura;;;Contribution à l'étude de la végétation des prairies du Haut-Jura.- D.E.S., Univ. Besançon.;I;9;;;;;;;;;;;;;;;;;;;;;;;;;;;;;;;;;;;;;;;;;;;;;;;;;Arrhenatherion elatioris Br.-Bl. 1925;Arrhenatheretum elatioris;;;;;;;;;;;;;;;;;;;
BD Orsay;T0002_10;;Oui;19720101;PUTOT P.;Indice macrophytique;_2_Braun_Blanquet;Point_approximatif;Google earth;5.97288513183594;46.3741798400879;;WGS84;;;Haut Jura;;;Contribution à l'étude de la végétation des prairies du Haut-Jura.- D.E.S., Univ. Besançon.;I;10;;;;;;;;;;;;;;;;;;;;;;;;;;;;;;;;;;;;;;;;;;;;;;;;;Arrhenatherion elatioris Br.-Bl. 1925;Arrhenatheretum elatioris;;;;;;;;;;;;;;;;;;;
BD Orsay;T0002_11;;Oui;19720101;PUTOT P.;Indice macrophytique;_2_Braun_Blanquet;Point_approximatif;Google earth;5.97288513183594;46.3741798400879;;WGS84;;;Haut Jura;;;Contribution à l'étude de la végétation des prairies du Haut-Jura.- D.E.S., Univ. Besançon.;I;11;;;;;;;;;;;;;;;;;;;;;;;;;;;;;;;;;;;;;;;;;;;;;;;;;Arrhenatherion elatioris Br.-Bl. 1925;Arrhenatheretum elatioris;;;;;;;;;;;;;;;;;;;
BD Orsay;T0002_12;;Oui;19720101;PUTOT P.;Indice macrophytique;_2_Braun_Blanquet;Point_approximatif;Google earth;5.97288513183594;46.3741798400879;;WGS84;;;Haut Jura;;;Contribution à l'étude de la végétation des prairies du Haut-Jura.- D.E.S., Univ. Besançon.;I;12;;;;;;;;;;;;;;;;;;;;;;;;;;;;;;;;;;;;;;;;;;;;;;;;;Arrhenatherion elatioris Br.-Bl. 1925;Arrhenatheretum elatioris;;;;;;;;;;;;;;;;;;;
BD Orsay;T0002_13;;Oui;19720101;PUTOT P.;Indice macrophytique;_2_Braun_Blanquet;Point_approximatif;Google earth;5.97288513183594;46.3741798400879;;WGS84;;;Haut Jura;;;Contribution à l'étude de la végétation des prairies du Haut-Jura.- D.E.S., Univ. Besançon.;I;13;;;;;;;;;;;;;;;;;;;;;;;;;;;;;;;;;;;;;;;;;;;;;;;;;Arrhenatherion elatioris Br.-Bl. 1925;Arrhenatheretum elatioris;;;;;;;;;;;;;;;;;;;
BD Orsay;T0002_14;;Oui;19720101;PUTOT P.;Indice macrophytique;_2_Braun_Blanquet;Point_approximatif;Google earth;5.97288513183594;46.3741798400879;;WGS84;;;Haut Jura;;;Contribution à l'étude de la végétation des prairies du Haut-Jura.- D.E.S., Univ. Besançon.;I;14;;;;;;;;;;;;;;;;;;;;;;;;;;;;;;;;;;;;;;;;;;;;;;;;;Arrhenatherion elatioris Br.-Bl. 1925;Arrhenatheretum elatioris;;;;;;;;;;;;;;;;;;;
BD Orsay;T0002_15;;Oui;19720101;PUTOT P.;Indice macrophytique;_2_Braun_Blanquet;Point_approximatif;Google earth;5.97288513183594;46.3741798400879;;WGS84;;;Haut Jura;;;Contribution à l'étude de la végétation des prairies du Haut-Jura.- D.E.S., Univ. Besançon.;I;15;;;;;;;;;;;;;;;;;;;;;;;;;;;;;;;;;;;;;;;;;;;;;;;;;Arrhenatherion elatioris Br.-Bl. 1925;Arrhenatheretum elatioris;;;;;;;;;;;;;;;;;;;
BD Orsay;T0002_16;;Oui;19720101;PUTOT P.;Indice macrophytique;_2_Braun_Blanquet;Point_approximatif;Google earth;5.97288513183594;46.3741798400879;;WGS84;;;Haut Jura;;;Contribution à l'étude de la végétation des prairies du Haut-Jura.- D.E.S., Univ. Besançon.;I;16;;;;;;;;;;;;;;;;;;;;;;;;;;;;;;;;;;;;;;;;;;;;;;;;;Arrhenatherion elatioris Br.-Bl. 1925;Arrhenatheretum elatioris;;;;;;;;;;;;;;;;;;;
BD Orsay;T0002_17;;Oui;19720101;PUTOT P.;Indice macrophytique;_2_Braun_Blanquet;Point_approximatif;Google earth;5.97288513183594;46.3741798400879;;WGS84;;;Haut Jura;;;Contribution à l'étude de la végétation des prairies du Haut-Jura.- D.E.S., Univ. Besançon.;I;17;;;;;;;;;;;;;;;;;;;;;;;;;;;;;;;;;;;;;;;;;;;;;;;;;Arrhenatherion elatioris Br.-Bl. 1925;Arrhenatheretum elatioris;;;;;;;;;;;;;;;;;;;
BD Orsay;T0002_18;;Oui;19720101;PUTOT P.;Indice macrophytique;_2_Braun_Blanquet;Point_approximatif;Google earth;5.97288513183594;46.3741798400879;;WGS84;;;Haut Jura;;;Contribution à l'étude de la végétation des prairies du Haut-Jura.- D.E.S., Univ. Besançon.;I;18;;;;;;;;;;;;;;;;;;;;;;;;;;;;;;;;;;;;;;;;;;;;;;;;;Arrhenatherion elatioris Br.-Bl. 1925;Arrhenatheretum elatioris;;;;;;;;;;;;;;;;;;;
BD Orsay;T0002_19;;Oui;19720101;PUTOT P.;Indice macrophytique;_2_Braun_Blanquet;Point_approximatif;Google earth;5.97288513183594;46.3741798400879;;WGS84;;;Haut Jura;;;Contribution à l'étude de la végétation des prairies du Haut-Jura.- D.E.S., Univ. Besançon.;I;19;;;;;;;;;;;;;;;;;;;;;;;;;;;;;;;;;;;;;;;;;;;;;;;;;Arrhenatherion elatioris Br.-Bl. 1925;Arrhenatheretum elatioris;;;;;;;;;;;;;;;;;;;
BD Orsay;T0002_20;;Oui;19720101;PUTOT P.;Indice macrophytique;_2_Braun_Blanquet;Point_approximatif;Google earth;5.97288513183594;46.3741798400879;;WGS84;;;Haut Jura;;;Contribution à l'étude de la végétation des prairies du Haut-Jura.- D.E.S., Univ. Besançon.;I;20;;;;;;;;;;;;;;;;;;;;;;;;;;;;;;;;;;;;;;;;;;;;;;;;;Arrhenatherion elatioris Br.-Bl. 1925;Arrhenatheretum elatioris;;;;;;;;;;;;;;;;;;;
BD Orsay;T0002_21;;Oui;19720101;PUTOT P.;Indice macrophytique;_2_Braun_Blanquet;Point_approximatif;Google earth;5.97288513183594;46.3741798400879;;WGS84;;;Haut Jura;;;Contribution à l'étude de la végétation des prairies du Haut-Jura.- D.E.S., Univ. Besançon.;I;21;;;;;;;;;;;;;;;;;;;;;;;;;;;;;;;;;;;;;;;;;;;;;;;;;Arrhenatherion elatioris Br.-Bl. 1925;Arrhenatheretum elatioris;;;;;;;;;;;;;;;;;;;
BD Orsay;T0002_22;;Oui;19720101;PUTOT P.;Indice macrophytique;_2_Braun_Blanquet;Point_approximatif;Google earth;5.97288513183594;46.3741798400879;;WGS84;;;Haut Jura;;;Contribution à l'étude de la végétation des prairies du Haut-Jura.- D.E.S., Univ. Besançon.;I;22;;;;;;;;;;;;;;;;;;;;;;;;;;;;;;;;;;;;;;;;;;;;;;;;;Arrhenatherion elatioris Br.-Bl. 1925;Arrhenatheretum elatioris;;;;;;;;;;;;;;;;;;;
BD Orsay;T0002_23;;Oui;19720101;PUTOT P.;Indice macrophytique;_2_Braun_Blanquet;Point_approximatif;Google earth;5.97288513183594;46.3741798400879;;WGS84;;;Haut Jura;;;Contribution à l'étude de la végétation des prairies du Haut-Jura.- D.E.S., Univ. Besançon.;I;23;;;;;;;;;;;;;;;;;;;;;;;;;;;;;;;;;;;;;;;;;;;;;;;;;Arrhenatherion elatioris Br.-Bl. 1925;Arrhenatheretum elatioris;;;;;;;;;;;;;;;;;;;
BD Orsay;T0002_24;;Oui;19720101;PUTOT P.;Indice macrophytique;_2_Braun_Blanquet;Point_approximatif;Google earth;5.97288513183594;46.3741798400879;;WGS84;;;Haut Jura;;;Contribution à l'étude de la végétation des prairies du Haut-Jura.- D.E.S., Univ. Besançon.;I;24;;;;;;;;;;;;;;;;;;;;;;;;;;;;;;;;;;;;;;;;;;;;;;;;;Arrhenatherion elatioris Br.-Bl. 1925;Arrhenatheretum elatioris;;;;;;;;;;;;;;;;;;;
BD Orsay;T0002_25;;Oui;19720101;PUTOT P.;Indice macrophytique;_2_Braun_Blanquet;Point_approximatif;Google earth;5.97288513183594;46.3741798400879;;WGS84;;;Haut Jura;;;Contribution à l'étude de la végétation des prairies du Haut-Jura.- D.E.S., Univ. Besançon.;I;25;;;;;;;;;;;;;;;;;;;;;;;;;;;;;;;;;;;;;;;;;;;;;;;;;Arrhenatherion elatioris Br.-Bl. 1925;Arrhenatheretum elatioris;;;;;;;;;;;;;;;;;;;
BD Orsay;T0002_26;;Oui;19720101;PUTOT P.;Indice macrophytique;_2_Braun_Blanquet;Point_approximatif;Google earth;5.97288513183594;46.3741798400879;;WGS84;;;Haut Jura;;;Contribution à l'étude de la végétation des prairies du Haut-Jura.- D.E.S., Univ. Besançon.;I;26;;;;;;;;;;;;;;;;;;;;;;;;;;;;;;;;;;;;;;;;;;;;;;;;;Arrhenatherion elatioris Br.-Bl. 1925;Arrhenatheretum elatioris;;;;;;;;;;;;;;;;;;;
BD Orsay;T0002_27;;Oui;19720101;PUTOT P.;Indice macrophytique;_2_Braun_Blanquet;Point_approximatif;Google earth;5.97288513183594;46.3741798400879;;WGS84;;;Haut Jura;;;Contribution à l'étude de la végétation des prairies du Haut-Jura.- D.E.S., Univ. Besançon.;I;27;;;;;;;;;;;;;;;;;;;;;;;;;;;;;;;;;;;;;;;;;;;;;;;;;Arrhenatherion elatioris Br.-Bl. 1925;Arrhenatheretum elatioris;;;;;;;;;;;;;;;;;;;
BD Orsay;T0002_28;;Oui;19720101;PUTOT P.;Indice macrophytique;_2_Braun_Blanquet;Point_approximatif;Google earth;5.97288513183594;46.3741798400879;;WGS84;;;Haut Jura;;;Contribution à l'étude de la végétation des prairies du Haut-Jura.- D.E.S., Univ. Besançon.;I;28;;;;;;;;;;;;;;;;;;;;;;;;;;;;;;;;;;;;;;;;;;;;;;;;;Arrhenatherion elatioris Br.-Bl. 1925;Arrhenatheretum elatioris;;;;;;;;;;;;;;;;;;;
BD Orsay;T0002_29;;Oui;19720101;PUTOT P.;Indice macrophytique;_2_Braun_Blanquet;Point_approximatif;Google earth;5.97288513183594;46.3741798400879;;WGS84;;;Haut Jura;;;Contribution à l'étude de la végétation des prairies du Haut-Jura.- D.E.S., Univ. Besançon.;I;29;;;;;;;;;;;;;;;;;;;;;;;;;;;;;;;;;;;;;;;;;;;;;;;;;Arrhenatherion elatioris Br.-Bl. 1925;Arrhenatheretum elatioris;;;;;;;;;;;;;;;;;;;
BD Orsay;T0002_30;;Oui;19720101;PUTOT P.;Indice macrophytique;_2_Braun_Blanquet;Point_approximatif;Google earth;5.97288513183594;46.3741798400879;;WGS84;;;Haut Jura;;;Contribution à l'étude de la végétation des prairies du Haut-Jura.- D.E.S., Univ. Besançon.;I;30;;;;;;;;;;;;;;;;;;;;;;;;;;;;;;;;;;;;;;;;;;;;;;;;;Arrhenatherion elatioris Br.-Bl. 1925;Arrhenatheretum elatioris;;;;;;;;;;;;;;;;;;;
BD Orsay;T0003_1;;Oui;19720101;PUTOT P.;Indice macrophytique;_2_Braun_Blanquet;Point_approximatif;Google earth;5.97288513183594;46.3741798400879;;WGS84;;;Haut Jura;;;Contribution à l'étude de la végétation des prairies du Haut-Jura.- D.E.S., Univ. Besançon.;IV;1;;;;;;;;;;;;;;;;;;;;;;;;;;;;;;;;;;;;;;;;;;;;;;;;;Cynosurion cristati Tx.1947;Lolio-Cynosuretum;;;;;;;;;;;;;;;;;;;
BD Orsay;T0003_2;;Oui;19720101;PUTOT P.;Indice macrophytique;_2_Braun_Blanquet;Point_approximatif;Google earth;5.97288513183594;46.3741798400879;;WGS84;;;Haut Jura;;;Contribution à l'étude de la végétation des prairies du Haut-Jura.- D.E.S., Univ. Besançon.;IV;2;;;;;;;;;;;;;;;;;;;;;;;;;;;;;;;;;;;;;;;;;;;;;;;;;Cynosurion cristati Tx.1947;Lolio-Cynosuretum;;;;;;;;;;;;;;;;;;;
BD Orsay;T0003_3;;Oui;19720101;PUTOT P.;Indice macrophytique;_2_Braun_Blanquet;Point_approximatif;Google earth;5.97288513183594;46.3741798400879;;WGS84;;;Haut Jura;;;Contribution à l'étude de la végétation des prairies du Haut-Jura.- D.E.S., Univ. Besançon.;IV;;;;;;;;;;;;;;;;;;;;;;;;;;;;;;;;;;;;;;;;;;;;;;;;;;Cynosurion cristati Tx.1947;Lolio-Cynosuretum;;;;;;;;;;;;;;;;;;;
BD Orsay;T0003_4;;Oui;19720101;PUTOT P.;Indice macrophytique;_2_Braun_Blanquet;Point_approximatif;Google earth;5.97288513183594;46.3741798400879;;WGS84;;;Haut Jura;;;Contribution à l'étude de la végétation des prairies du Haut-Jura.- D.E.S., Univ. Besançon.;IV;;;;;;;;;;;;;;;;;;;;;;;;;;;;;;;;;;;;;;;;;;;;;;;;;;Cynosurion cristati Tx.1947;Lolio-Cynosuretum;;;;;;;;;;;;;;;;;;;
BD Orsay;T0003_5;;Oui;19720101;PUTOT P.;Indice macrophytique;_2_Braun_Blanquet;Point_approximatif;Google earth;5.97288513183594;46.3741798400879;;WGS84;;;Haut Jura;;;Contribution à l'étude de la végétation des prairies du Haut-Jura.- D.E.S., Univ. Besançon.;IV;;;;;;;;;;;;;;;;;;;;;;;;;;;;;;;;;;;;;;;;;;;;;;;;;;Cynosurion cristati Tx.1947;Lolio-Cynosuretum;;;;;;;;;;;;;;;;;;;
BD Orsay;T0003_6;;Oui;19720101;PUTOT P.;Indice macrophytique;_2_Braun_Blanquet;Point_approximatif;Google earth;5.97288513183594;46.3741798400879;;WGS84;;;Haut Jura;;;Contribution à l'étude de la végétation des prairies du Haut-Jura.- D.E.S., Univ. Besançon.;IV;;;;;;;;;;;;;;;;;;;;;;;;;;;;;;;;;;;;;;;;;;;;;;;;;;Cynosurion cristati Tx.1947;Lolio-Cynosuretum;;;;;;;;;;;;;;;;;;;
BD Orsay;T0003_7;;Oui;19720101;PUTOT P.;Indice macrophytique;_2_Braun_Blanquet;Point_approximatif;Google earth;5.97288513183594;46.3741798400879;;WGS84;;;Haut Jura;;;Contribution à l'étude de la végétation des prairies du Haut-Jura.- D.E.S., Univ. Besançon.;IV;;;;;;;;;;;;;;;;;;;;;;;;;;;;;;;;;;;;;;;;;;;;;;;;;;Cynosurion cristati Tx.1947;Lolio-Cynosuretum;;;;;;;;;;;;;;;;;;;
BD Orsay;T0003_8;;Oui;19720101;PUTOT P.;Indice macrophytique;_2_Braun_Blanquet;Point_approximatif;Google earth;5.97288513183594;46.3741798400879;;WGS84;;;Haut Jura;;;Contribution à l'étude de la végétation des prairies du Haut-Jura.- D.E.S., Univ. Besançon.;IV;;;;;;;;;;;;;;;;;;;;;;;;;;;;;;;;;;;;;;;;;;;;;;;;;;Cynosurion cristati Tx.1947;Lolio-Cynosuretum;;;;;;;;;;;;;;;;;;;
BD Orsay;T0003_9;;Oui;19720101;PUTOT P.;Indice macrophytique;_2_Braun_Blanquet;Point_approximatif;Google earth;5.97288513183594;46.3741798400879;;WGS84;;;Haut Jura;;;Contribution à l'étude de la végétation des prairies du Haut-Jura.- D.E.S., Univ. Besançon.;IV;;;;;;;;;;;;;;;;;;;;;;;;;;;;;;;;;;;;;;;;;;;;;;;;;;Cynosurion cristati Tx.1947;Lolio-Cynosuretum;;;;;;;;;;;;;;;;;;;
BD Orsay;T0003_10;;Oui;19720101;PUTOT P.;Indice macrophytique;_2_Braun_Blanquet;Point_approximatif;Google earth;5.97288513183594;46.3741798400879;;WGS84;;;Haut Jura;;;Contribution à l'étude de la végétation des prairies du Haut-Jura.- D.E.S., Univ. Besançon.;IV;;;;;;;;;;;;;;;;;;;;;;;;;;;;;;;;;;;;;;;;;;;;;;;;;;Cynosurion cristati Tx.1947;Lolio-Cynosuretum;;;;;;;;;;;;;;;;;;;
BD Orsay;T0003_11;;Oui;19720101;PUTOT P.;Indice macrophytique;_2_Braun_Blanquet;Point_approximatif;Google earth;5.97288513183594;46.3741798400879;;WGS84;;;Haut Jura;;;Contribution à l'étude de la végétation des prairies du Haut-Jura.- D.E.S., Univ. Besançon.;IV;;;;;;;;;;;;;;;;;;;;;;;;;;;;;;;;;;;;;;;;;;;;;;;;;;Cynosurion cristati Tx.1947;Lolio-Cynosuretum;;;;;;;;;;;;;;;;;;;
BD Orsay;T0003_12;;Oui;19720101;PUTOT P.;Indice macrophytique;_2_Braun_Blanquet;Point_approximatif;Google earth;5.97288513183594;46.3741798400879;;WGS84;;;Haut Jura;;;Contribution à l'étude de la végétation des prairies du Haut-Jura.- D.E.S., Univ. Besançon.;IV;;;;;;;;;;;;;;;;;;;;;;;;;;;;;;;;;;;;;;;;;;;;;;;;;;Cynosurion cristati Tx.1947;Lolio-Cynosuretum;;;;;;;;;;;;;;;;;;;
BD Orsay;T0003_13;;Oui;19720101;PUTOT P.;Indice macrophytique;_2_Braun_Blanquet;Point_approximatif;Google earth;5.97288513183594;46.3741798400879;;WGS84;;;Haut Jura;;;Contribution à l'étude de la végétation des prairies du Haut-Jura.- D.E.S., Univ. Besançon.;IV;;;;;;;;;;;;;;;;;;;;;;;;;;;;;;;;;;;;;;;;;;;;;;;;;;Cynosurion cristati Tx.1947;Lolio-Cynosuretum;;;;;;;;;;;;;;;;;;;
BD Orsay;T0003_14;;Oui;19720101;PUTOT P.;Indice macrophytique;_2_Braun_Blanquet;Point_approximatif;Google earth;5.97288513183594;46.3741798400879;;WGS84;;;Haut Jura;;;Contribution à l'étude de la végétation des prairies du Haut-Jura.- D.E.S., Univ. Besançon.;IV;;;;;;;;;;;;;;;;;;;;;;;;;;;;;;;;;;;;;;;;;;;;;;;;;;Cynosurion cristati Tx.1947;Lolio-Cynosuretum;;;;;;;;;;;;;;;;;;;
BD Orsay;T0003_15;;Oui;19720101;PUTOT P.;Indice macrophytique;_2_Braun_Blanquet;Point_approximatif;Google earth;5.97288513183594;46.3741798400879;;WGS84;;;Haut Jura;;;Contribution à l'étude de la végétation des prairies du Haut-Jura.- D.E.S., Univ. Besançon.;IV;;;;;;;;;;;;;;;;;;;;;;;;;;;;;;;;;;;;;;;;;;;;;;;;;;Cynosurion cristati Tx.1947;Lolio-Cynosuretum;;;;;;;;;;;;;;;;;;;
BD Orsay;T0003_16;;Oui;19720101;PUTOT P.;Indice macrophytique;_2_Braun_Blanquet;Point_approximatif;Google earth;5.97288513183594;46.3741798400879;;WGS84;;;Haut Jura;;;Contribution à l'étude de la végétation des prairies du Haut-Jura.- D.E.S., Univ. Besançon.;IV;;;;;;;;;;;;;;;;;;;;;;;;;;;;;;;;;;;;;;;;;;;;;;;;;;Cynosurion cristati Tx.1947;Lolio-Cynosuretum;;;;;;;;;;;;;;;;;;;
BD Orsay;T0003_17;;Oui;19720101;PUTOT P.;Indice macrophytique;_2_Braun_Blanquet;Point_approximatif;Google earth;5.97288513183594;46.3741798400879;;WGS84;;;Haut Jura;;;Contribution à l'étude de la végétation des prairies du Haut-Jura.- D.E.S., Univ. Besançon.;IV;;;;;;;;;;;;;;;;;;;;;;;;;;;;;;;;;;;;;;;;;;;;;;;;;;Cynosurion cristati Tx.1947;Lolio-Cynosuretum;;;;;;;;;;;;;;;;;;;
BD Orsay;T0003_18;;Oui;19720101;PUTOT P.;Indice macrophytique;_2_Braun_Blanquet;Point_approximatif;Google earth;5.97288513183594;46.3741798400879;;WGS84;;;Haut Jura;;;Contribution à l'étude de la végétation des prairies du Haut-Jura.- D.E.S., Univ. Besançon.;IV;;;;;;;;;;;;;;;;;;;;;;;;;;;;;;;;;;;;;;;;;;;;;;;;;;Cynosurion cristati Tx.1947;Lolio-Cynosuretum;;;;;;;;;;;;;;;;;;;
BD Orsay;T0003_19;;Oui;19720101;PUTOT P.;Indice macrophytique;_2_Braun_Blanquet;Point_approximatif;Google earth;5.97288513183594;46.3741798400879;;WGS84;;;Haut Jura;;;Contribution à l'étude de la végétation des prairies du Haut-Jura.- D.E.S., Univ. Besançon.;IV;;;;;;;;;;;;;;;;;;;;;;;;;;;;;;;;;;;;;;;;;;;;;;;;;;Cynosurion cristati Tx.1947;Lolio-Cynosuretum;;;;;;;;;;;;;;;;;;;
BD Orsay;T0003_20;;Oui;19720101;PUTOT P.;Indice macrophytique;_2_Braun_Blanquet;Point_approximatif;Google earth;5.97288513183594;46.3741798400879;;WGS84;;;Haut Jura;;;Contribution à l'étude de la végétation des prairies du Haut-Jura.- D.E.S., Univ. Besançon.;IV;;;;;;;;;;;;;;;;;;;;;;;;;;;;;;;;;;;;;;;;;;;;;;;;;;Cynosurion cristati Tx.1947;Lolio-Cynosuretum;;;;;;;;;;;;;;;;;;;
BD Orsay;T0003_21;;Oui;19720101;PUTOT P.;Indice macrophytique;_2_Braun_Blanquet;Point_approximatif;Google earth;5.97288513183594;46.3741798400879;;WGS84;;;Haut Jura;;;Contribution à l'étude de la végétation des prairies du Haut-Jura.- D.E.S., Univ. Besançon.;IV;;;;;;;;;;;;;;;;;;;;;;;;;;;;;;;;;;;;;;;;;;;;;;;;;;Cynosurion cristati Tx.1947;Lolio-Cynosuretum;;;;;;;;;;;;;;;;;;;
BD Orsay;T0004_1;;Oui;19610101;GEHU J.M.;Indice macrophytique;_2_Braun_Blanquet;Point_approximatif;Google earth;3.78865194320679;50.17041015625;;WGS84;;;Sambre francaise;;;Les groupements végétaux du bassin de la Sambre française.- Vegetatio, 10, 3-4: 161-208.;XXIII;;;;;;;;;;;;;;;;;;;;;;;;;;;;;;;;;;;;;;;;;;;;;;;;;;Arrhenatherion elatioris Br.-Bl. 1925;Arrhenatheretum elatioris agrimonietosum;;;;;;;;;;;;;;;;;;;
BD Orsay;T0004_2;;Oui;19610101;GEHU J.M.;Indice macrophytique;_2_Braun_Blanquet;Point_approximatif;Google earth;3.78865194320679;50.17041015625;;WGS84;;;Sambre francaise;;;Les groupements végétaux du bassin de la Sambre française.- Vegetatio, 10, 3-4: 161-208.;XXIII;;;;;;;;;;;;;;;;;;;;;;;;;;;;;;;;;;;;;;;;;;;;;;;;;;Arrhenatherion elatioris Br.-Bl. 1925;Arrhenatheretum elatioris agrimonietosum;;;;;;;;;;;;;;;;;;;
BD Orsay;T0004_3;;Oui;19610101;GEHU J.M.;Indice macrophytique;_2_Braun_Blanquet;Point_approximatif;Google earth;3.78865194320679;50.17041015625;;WGS84;;;Sambre francaise;;;Les groupements végétaux du bassin de la Sambre française.- Vegetatio, 10, 3-4: 161-208.;XXIII;;;;;;;;;;;;;;;;;;;;;;;;;;;;;;;;;;;;;;;;;;;;;;;;;;Arrhenatherion elatioris Br.-Bl. 1925;Arrhenatheretum elatioris agrimonietosum;;;;;;;;;;;;;;;;;;;
BD Orsay;T0004_4;;Oui;19610101;GEHU J.M.;Indice macrophytique;_2_Braun_Blanquet;Point_approximatif;Google earth;3.78865194320679;50.17041015625;;WGS84;;;Sambre francaise;;;Les groupements végétaux du bassin de la Sambre française.- Vegetatio, 10, 3-4: 161-208.;XXIII;;;;;;;;;;;;;;;;;;;;;;;;;;;;;;;;;;;;;;;;;;;;;;;;;;Arrhenatherion elatioris Br.-Bl. 1925;Arrhenatheretum elatioris agrimonietosum;;;;;;;;;;;;;;;;;;;
BD Orsay;T0004_5;;Oui;19610101;GEHU J.M.;Indice macrophytique;_2_Braun_Blanquet;Point_approximatif;Google earth;3.78865194320679;50.17041015625;;WGS84;;;Sambre francaise;;;Les groupements végétaux du bassin de la Sambre française.- Vegetatio, 10, 3-4: 161-208.;XXIII;;;;;;;;;;;;;;;;;;;;;;;;;;;;;;;;;;;;;;;;;;;;;;;;;;Arrhenatherion elatioris Br.-Bl. 1925;Arrhenatheretum elatioris agrimonietosum;;;;;;;;;;;;;;;;;;;
BD Orsay;T0004_6;;Oui;19610101;GEHU J.M.;Indice macrophytique;_2_Braun_Blanquet;Point_approximatif;Google earth;3.78865194320679;50.17041015625;;WGS84;;;Sambre francaise;;;Les groupements végétaux du bassin de la Sambre française.- Vegetatio, 10, 3-4: 161-208.;XXIII;;;;;;;;;;;;;;;;;;;;;;;;;;;;;;;;;;;;;;;;;;;;;;;;;;Arrhenatherion elatioris Br.-Bl. 1925;Arrhenatheretum elatioris agrimonietosum;;;;;;;;;;;;;;;;;;;
BD Orsay;T0004_7;;Oui;19610101;GEHU J.M.;Indice macrophytique;_2_Braun_Blanquet;Point_approximatif;Google earth;3.78865194320679;50.17041015625;;WGS84;;;Sambre francaise;;;Les groupements végétaux du bassin de la Sambre française.- Vegetatio, 10, 3-4: 161-208.;XXIII;;;;;;;;;;;;;;;;;;;;;;;;;;;;;;;;;;;;;;;;;;;;;;;;;;Arrhenatherion elatioris Br.-Bl. 1925;Arrhenatheretum elatioris agrimonietosum;;;;;;;;;;;;;;;;;;;
BD Orsay;T0004_8;;Oui;19610101;GEHU J.M.;Indice macrophytique;_2_Braun_Blanquet;Point_approximatif;Google earth;3.78865194320679;50.17041015625;;WGS84;;;Sambre francaise;;;Les groupements végétaux du bassin de la Sambre française.- Vegetatio, 10, 3-4: 161-208.;XXIII;;;;;;;;;;;;;;;;;;;;;;;;;;;;;;;;;;;;;;;;;;;;;;;;;;Arrhenatherion elatioris Br.-Bl. 1925;Arrhenatheretum elatioris agrimonietosum;;;;;;;;;;;;;;;;;;;
BD Orsay;T0004_9;;Oui;19610101;GEHU J.M.;Indice macrophytique;_2_Braun_Blanquet;Point_approximatif;Google earth;3.78865194320679;50.17041015625;;WGS84;;;Sambre francaise;;;Les groupements végétaux du bassin de la Sambre française.- Vegetatio, 10, 3-4: 161-208.;XXIII;;;;;;;;;;;;;;;;;;;;;;;;;;;;;;;;;;;;;;;;;;;;;;;;;;Arrhenatherion elatioris Br.-Bl. 1925;Arrhenatheretum elatioris agrimonietosum;;;;;;;;;;;;;;;;;;;
BD Orsay;T0004_10;;Oui;19610101;GEHU J.M.;Indice macrophytique;_2_Braun_Blanquet;Point_approximatif;Google earth;3.78865194320679;50.17041015625;;WGS84;;;Sambre francaise;;;Les groupements végétaux du bassin de la Sambre française.- Vegetatio, 10, 3-4: 161-208.;XXIII;;;;;;;;;;;;;;;;;;;;;;;;;;;;;;;;;;;;;;;;;;;;;;;;;;Arrhenatherion elatioris Br.-Bl. 1925;Arrhenatheretum elatioris agrimonietosum;;;;;;;;;;;;;;;;;;;
BD Orsay;T0004_11;;Oui;19610101;GEHU J.M.;Indice macrophytique;_2_Braun_Blanquet;Point_approximatif;Google earth;3.78865194320679;50.17041015625;;WGS84;;;Sambre francaise;;;Les groupements végétaux du bassin de la Sambre française.- Vegetatio, 10, 3-4: 161-208.;XXIII;;;;;;;;;;;;;;;;;;;;;;;;;;;;;;;;;;;;;;;;;;;;;;;;;;Arrhenatherion elatioris Br.-Bl. 1925;Arrhenatheretum elatioris agrimonietosum;;;;;;;;;;;;;;;;;;;
BD Orsay;T0004_12;;Oui;19610101;GEHU J.M.;Indice macrophytique;_2_Braun_Blanquet;Point_approximatif;Google earth;3.78865194320679;50.17041015625;;WGS84;;;Sambre francaise;;;Les groupements végétaux du bassin de la Sambre française.- Vegetatio, 10, 3-4: 161-208.;XXIII;;;;;;;;;;;;;;;;;;;;;;;;;;;;;;;;;;;;;;;;;;;;;;;;;;Arrhenatherion elatioris Br.-Bl. 1925;Arrhenatheretum elatioris agrimonietosum;;;;;;;;;;;;;;;;;;;
BD Orsay;T0005_1;;Oui;19610101;GEHU J.M.;Indice macrophytique;_2_Braun_Blanquet;Point_approximatif;Google earth;3.78865194320679;50.17041015625;;WGS84;;;Sambre francaise;;;Les groupements végétaux du bassin de la Sambre française.- Vegetatio, 10, 3-4: 161-208.;XV;;;;;;;;;;;;;;;;;;;;;;;;;;;;;;;;;;;;;;;;;;;;;;;;;;Cynosurion cristati Tx.1947;Lolio-Cynosuretum uliginosi;;;;;;;;;;;;;;;;;;;
BD Orsay;T0005_2;;Oui;19610101;GEHU J.M.;Indice macrophytique;_2_Braun_Blanquet;Point_approximatif;Google earth;3.78865194320679;50.17041015625;;WGS84;;;Sambre francaise;;;Les groupements végétaux du bassin de la Sambre française.- Vegetatio, 10, 3-4: 161-208.;XV;;;;;;;;;;;;;;;;;;;;;;;;;;;;;;;;;;;;;;;;;;;;;;;;;;Cynosurion cristati Tx.1947;Lolio-Cynosuretum uliginosi;;;;;;;;;;;;;;;;;;;
BD Orsay;T0005_3;;Oui;19610101;GEHU J.M.;Indice macrophytique;_2_Braun_Blanquet;Point_approximatif;Google earth;3.78865194320679;50.17041015625;;WGS84;;;Sambre francaise;;;Les groupements végétaux du bassin de la Sambre française.- Vegetatio, 10, 3-4: 161-208.;XV;;;;;;;;;;;;;;;;;;;;;;;;;;;;;;;;;;;;;;;;;;;;;;;;;;Cynosurion cristati Tx.1947;Lolio-Cynosuretum uliginosi;;;;;;;;;;;;;;;;;;;
BD Orsay;T0005_4;;Oui;19610101;GEHU J.M.;Indice macrophytique;_2_Braun_Blanquet;Point_approximatif;Google earth;3.78865194320679;50.17041015625;;WGS84;;;Sambre francaise;;;Les groupements végétaux du bassin de la Sambre française.- Vegetatio, 10, 3-4: 161-208.;XV;;;;;;;;;;;;;;;;;;;;;;;;;;;;;;;;;;;;;;;;;;;;;;;;;;Cynosurion cristati Tx.1947;Lolio-Cynosuretum uliginosi;;;;;;;;;;;;;;;;;;;
BD Orsay;T0005_5;;Oui;19610101;GEHU J.M.;Indice macrophytique;_2_Braun_Blanquet;Point_approximatif;Google earth;3.78865194320679;50.17041015625;;WGS84;;;Sambre francaise;;;Les groupements végétaux du bassin de la Sambre française.- Vegetatio, 10, 3-4: 161-208.;XV;;;;;;;;;;;;;;;;;;;;;;;;;;;;;;;;;;;;;;;;;;;;;;;;;;Cynosurion cristati Tx.1947;Lolio-Cynosuretum uliginosi;;;;;;;;;;;;;;;;;;;
BD Orsay;T0005_6;;Oui;19610101;GEHU J.M.;Indice macrophytique;_2_Braun_Blanquet;Point_approximatif;Google earth;3.78865194320679;50.17041015625;;WGS84;;;Sambre francaise;;;Les groupements végétaux du bassin de la Sambre française.- Vegetatio, 10, 3-4: 161-208.;XV;;;;;;;;;;;;;;;;;;;;;;;;;;;;;;;;;;;;;;;;;;;;;;;;;;Cynosurion cristati Tx.1947;Lolio-Cynosuretum uliginosi;;;;;;;;;;;;;;;;;;;
BD Orsay;T0005_7;;Oui;19610101;GEHU J.M.;Indice macrophytique;_2_Braun_Blanquet;Point_approximatif;Google earth;3.78865194320679;50.17041015625;;WGS84;;;Sambre francaise;;;Les groupements végétaux du bassin de la Sambre française.- Vegetatio, 10, 3-4: 161-208.;XV;;;;;;;;;;;;;;;;;;;;;;;;;;;;;;;;;;;;;;;;;;;;;;;;;;Cynosurion cristati Tx.1947;Lolio-Cynosuretum uliginosi;;;;;;;;;;;;;;;;;;;
BD Orsay;T0005_8;;Oui;19610101;GEHU J.M.;Indice macrophytique;_2_Braun_Blanquet;Point_approximatif;Google earth;3.78865194320679;50.17041015625;;WGS84;;;Sambre francaise;;;Les groupements végétaux du bassin de la Sambre française.- Vegetatio, 10, 3-4: 161-208.;XV;;;;;;;;;;;;;;;;;;;;;;;;;;;;;;;;;;;;;;;;;;;;;;;;;;Cynosurion cristati Tx.1947;Lolio-Cynosuretum uliginosi;;;;;;;;;;;;;;;;;;;
BD Orsay;T0005_9;;Oui;19610101;GEHU J.M.;Indice macrophytique;_2_Braun_Blanquet;Point_approximatif;Google earth;3.78865194320679;50.17041015625;;WGS84;;;Sambre francaise;;;Les groupements végétaux du bassin de la Sambre française.- Vegetatio, 10, 3-4: 161-208.;XV;;;;;;;;;;;;;;;;;;;;;;;;;;;;;;;;;;;;;;;;;;;;;;;;;;Cynosurion cristati Tx.1947;Lolio-Cynosuretum uliginosi;;;;;;;;;;;;;;;;;;;
BD Orsay;T0005_10;;Oui;19610101;GEHU J.M.;Indice macrophytique;_2_Braun_Blanquet;Point_approximatif;Google earth;3.78865194320679;50.17041015625;;WGS84;;;Sambre francaise;;;Les groupements végétaux du bassin de la Sambre française.- Vegetatio, 10, 3-4: 161-208.;XV;;;;;;;;;;;;;;;;;;;;;;;;;;;;;;;;;;;;;;;;;;;;;;;;;;Cynosurion cristati Tx.1947;Lolio-Cynosuretum uliginosi;;;;;;;;;;;;;;;;;;;
BD Orsay;T0005_11;;Oui;19610101;GEHU J.M.;Indice macrophytique;_2_Braun_Blanquet;Point_approximatif;Google earth;3.78865194320679;50.17041015625;;WGS84;;;Sambre francaise;;;Les groupements végétaux du bassin de la Sambre française.- Vegetatio, 10, 3-4: 161-208.;XV;;;;;;;;;;;;;;;;;;;;;;;;;;;;;;;;;;;;;;;;;;;;;;;;;;Cynosurion cristati Tx.1947;Lolio-Cynosuretum uliginosi;;;;;;;;;;;;;;;;;;;
BD Orsay;T0005_12;;Oui;19610101;GEHU J.M.;Indice macrophytique;_2_Braun_Blanquet;Point_approximatif;Google earth;3.78865194320679;50.17041015625;;WGS84;;;Sambre francaise;;;Les groupements végétaux du bassin de la Sambre française.- Vegetatio, 10, 3-4: 161-208.;XV;;;;;;;;;;;;;;;;;;;;;;;;;;;;;;;;;;;;;;;;;;;;;;;;;;Cynosurion cristati Tx.1947;Lolio-Cynosuretum uliginosi;;;;;;;;;;;;;;;;;;;
BD Orsay;T0006_1;;Oui;19610101;GEHU J.M.;Indice macrophytique;_2_Braun_Blanquet;Point_approximatif;Google earth;3.78865194320679;50.17041015625;;WGS84;;;Sambre francaise;;;Les groupements végétaux du bassin de la Sambre française.- Vegetatio, 10, 3-4: 161-208.;XVI;;;;;;;;;;;;;;;;;;;;;;;;;;;;;;;;;;;;;;;;;;;;;;;;;;Cynosurion cristati Tx.1947;Lolio-Cynosuretum typicum;;;;;;;;;;;;;;;;;;;
BD Orsay;T0006_2;;Oui;19610101;GEHU J.M.;Indice macrophytique;_2_Braun_Blanquet;Point_approximatif;Google earth;3.78865194320679;50.17041015625;;WGS84;;;Sambre francaise;;;Les groupements végétaux du bassin de la Sambre française.- Vegetatio, 10, 3-4: 161-208.;XVI;;;;;;;;;;;;;;;;;;;;;;;;;;;;;;;;;;;;;;;;;;;;;;;;;;Cynosurion cristati Tx.1947;Lolio-Cynosuretum typicum;;;;;;;;;;;;;;;;;;;
BD Orsay;T0006_3;;Oui;19610101;GEHU J.M.;Indice macrophytique;_2_Braun_Blanquet;Point_approximatif;Google earth;3.78865194320679;50.17041015625;;WGS84;;;Sambre francaise;;;Les groupements végétaux du bassin de la Sambre française.- Vegetatio, 10, 3-4: 161-208.;XVI;;;;;;;;;;;;;;;;;;;;;;;;;;;;;;;;;;;;;;;;;;;;;;;;;;Cynosurion cristati Tx.1947;Lolio-Cynosuretum typicum;;;;;;;;;;;;;;;;;;;
BD Orsay;T0006_4;;Oui;19610101;GEHU J.M.;Indice macrophytique;_2_Braun_Blanquet;Point_approximatif;Google earth;3.78865194320679;50.17041015625;;WGS84;;;Sambre francaise;;;Les groupements végétaux du bassin de la Sambre française.- Vegetatio, 10, 3-4: 161-208.;XVI;;;;;;;;;;;;;;;;;;;;;;;;;;;;;;;;;;;;;;;;;;;;;;;;;;Cynosurion cristati Tx.1947;Lolio-Cynosuretum typicum;;;;;;;;;;;;;;;;;;;
BD Orsay;T0006_5;;Oui;19610101;GEHU J.M.;Indice macrophytique;_2_Braun_Blanquet;Point_approximatif;Google earth;3.78865194320679;50.17041015625;;WGS84;;;Sambre francaise;;;Les groupements végétaux du bassin de la Sambre française.- Vegetatio, 10, 3-4: 161-208.;XVI;;;;;;;;;;;;;;;;;;;;;;;;;;;;;;;;;;;;;;;;;;;;;;;;;;Cynosurion cristati Tx.1947;Lolio-Cynosuretum typicum;;;;;;;;;;;;;;;;;;;
BD Orsay;T0006_6;;Oui;19610101;GEHU J.M.;Indice macrophytique;_2_Braun_Blanquet;Point_approximatif;Google earth;3.78865194320679;50.17041015625;;WGS84;;;Sambre francaise;;;Les groupements végétaux du bassin de la Sambre française.- Vegetatio, 10, 3-4: 161-208.;XVI;;;;;;;;;;;;;;;;;;;;;;;;;;;;;;;;;;;;;;;;;;;;;;;;;;Cynosurion cristati Tx.1947;Lolio-Cynosuretum typicum;;;;;;;;;;;;;;;;;;;
BD Orsay;T0006_7;;Oui;19610101;GEHU J.M.;Indice macrophytique;_2_Braun_Blanquet;Point_approximatif;Google earth;3.78865194320679;50.17041015625;;WGS84;;;Sambre francaise;;;Les groupements végétaux du bassin de la Sambre française.- Vegetatio, 10, 3-4: 161-208.;XVI;;;;;;;;;;;;;;;;;;;;;;;;;;;;;;;;;;;;;;;;;;;;;;;;;;Cynosurion cristati Tx.1947;Lolio-Cynosuretum typicum;;;;;;;;;;;;;;;;;;;
BD Orsay;T0006_8;;Oui;19610101;GEHU J.M.;Indice macrophytique;_2_Braun_Blanquet;Point_approximatif;Google earth;3.78865194320679;50.17041015625;;WGS84;;;Sambre francaise;;;Les groupements végétaux du bassin de la Sambre française.- Vegetatio, 10, 3-4: 161-208.;XVI;;;;;;;;;;;;;;;;;;;;;;;;;;;;;;;;;;;;;;;;;;;;;;;;;;Cynosurion cristati Tx.1947;Lolio-Cynosuretum typicum;;;;;;;;;;;;;;;;;;;
